{"theta0": 8355.342417740636, "theta1": -0.020077236474358783, "max_mileage": 240000.0}